Model,ROC-AUC,ROC-AUC (95% CI),PR-AUC,PR-AUC (95% CI),Macro F1,Bal. Acc.,MCC,Sensitivity,Specificity
Random Forest,0.6455151515151515,[0.182 - 1.000],0.5418805222555222,[0.226 - 1.000],0.4166666666666667,0.45454545454545453,-0.14484136487558028,0.0,0.9090909090909091
XGBoost,0.6066060606060605,[0.182 - 1.000],0.44786909941909936,[0.222 - 1.000],0.5757575757575758,0.5757575757575758,0.15151515151515152,0.3333333333333333,0.8181818181818182
LightGBM,0.5703333333333332,[0.000 - 1.000],0.5683291005291005,[0.210 - 1.000],0.6347826086956522,0.6212121212121212,0.2842676218074806,0.3333333333333333,0.9090909090909091
CatBoost,0.6551515151515152,[0.182 - 1.000],0.5639252747252747,[0.250 - 1.000],0.6347826086956522,0.6212121212121212,0.2842676218074806,0.3333333333333333,0.9090909090909091
MLP,0.536,[0.273 - 0.818],0.32514264994264996,[0.215 - 0.533],0.44,0.5,0.0,0.0,1.0
TabTransformer (Comb),0.8788787878787878,[0.636 - 1.000],0.6787400793650794,[0.359 - 1.000],0.4166666666666667,0.45454545454545453,-0.14484136487558028,0.0,0.9090909090909091
