Model,Hold-out AUC,Macro F1
TabTransformer (Cont),0.9021592442645074,0.8434959349593496
CatBoost (Cont),0.8954116059379217,0.80306905370844
LightGBM (Cont),0.8900134952766532,0.7904761904761906
Random Forest (Cont),0.8856275303643725,0.7893296853625171
MLP (Cont),0.8792172739541162,0.7786233722306781
XGBoost (Cont),0.8744939271255061,0.8282724309487047
