Model,ROC-AUC,ROC-AUC (95% CI),PR-AUC,PR-AUC (95% CI),Macro F1,Bal. Acc.,MCC,Sensitivity,Specificity
Random Forest,0.8844665991902835,[0.799 - 0.954],0.9083929490962155,[0.846 - 0.959],0.7893296853625171,0.7908232118758435,0.5963120805060168,0.6842105263157895,0.8974358974358975
XGBoost,0.8738812415654521,[0.789 - 0.949],0.8939237293810808,[0.818 - 0.953],0.8282724309487047,0.8296221322537112,0.6802222667635712,0.7105263157894737,0.9487179487179487
LightGBM,0.8911288798920378,[0.810 - 0.957],0.9087495705367802,[0.845 - 0.964],0.7904761904761906,0.7911605937921727,0.590752336294159,0.7105263157894737,0.8717948717948718
CatBoost,0.8942361673414305,[0.811 - 0.957],0.9132147196807139,[0.857 - 0.961],0.80306905370844,0.8039811066126856,0.6197848075380846,0.7105263157894737,0.8974358974358975
MLP,0.8795769230769233,[0.798 - 0.949],0.8918535332608205,[0.814 - 0.951],0.7786233722306781,0.7786774628879891,0.5596252200040643,0.7368421052631579,0.8205128205128205
TabTransformer (Genes Only),0.8957618083670715,[0.805 - 0.958],0.9154779246610417,[0.851 - 0.966],0.8307119905293421,0.8306342780026991,0.6639621254285508,0.7894736842105263,0.8717948717948718
