Model,ROC-AUC,PR-AUC,Macro F1,Bal. Acc.,MCC,Sensitivity,Specificity
TabTransformer (Comb),0.9333333333333333,0.9160092539039906,0.8146341463414635,0.836231884057971,0.6583050504534322,0.9333333333333333,0.7391304347826086
LightGBM,0.8869565217391304,0.8445136345136344,0.8125440451021846,0.8246376811594203,0.6356048762998656,0.8666666666666667,0.782608695652174
CatBoost,0.8724637681159422,0.8104820864263589,0.7871148459383753,0.8028985507246377,0.592220092263982,0.8666666666666667,0.7391304347826086
Random Forest,0.8695652173913044,0.8036161252540562,0.8347826086956522,0.8347826086956522,0.6695652173913044,0.8,0.8695652173913043
XGBoost,0.8666666666666667,0.8364371304077185,0.8125440451021846,0.8246376811594203,0.6356048762998656,0.8666666666666667,0.782608695652174
MLP,0.5246376811594202,0.4333975434185161,0.41538461538461535,0.4260869565217391,-0.15932444118273442,0.2,0.6521739130434783
