Model,ROC-AUC,ROC-AUC (95% CI),PR-AUC,PR-AUC (95% CI),Macro F1,Bal. Acc.,MCC,Sensitivity,Specificity
Random Forest,0.8669043478260869,[0.733 - 0.977],0.8180207646031143,[0.649 - 0.967],0.8347826086956522,0.8347826086956522,0.6695652173913044,0.8,0.8695652173913043
XGBoost,0.8661275362318841,[0.733 - 0.965],0.8429799434082357,[0.689 - 0.948],0.8125440451021846,0.8246376811594203,0.6356048762998656,0.8666666666666667,0.782608695652174
LightGBM,0.8898434782608696,[0.774 - 0.971],0.8497758823484012,[0.711 - 0.958],0.8125440451021846,0.8246376811594203,0.6356048762998656,0.8666666666666667,0.782608695652174
CatBoost,0.87,[0.745 - 0.962],0.8256842001301754,[0.661 - 0.953],0.7871148459383753,0.8028985507246377,0.592220092263982,0.8666666666666667,0.7391304347826086
MLP,0.5258985507246378,[0.336 - 0.710],0.46869220972830944,[0.340 - 0.657],0.41538461538461535,0.4260869565217391,-0.15932444118273442,0.2,0.6521739130434783
TabTransformer (Comb),0.9418115942028985,[0.855 - 0.994],0.9288273528432988,[0.829 - 0.992],0.8146341463414635,0.836231884057971,0.6583050504534322,0.9333333333333333,0.7391304347826086
